trend_name,trend_url,trend_query,tweet_volume,searched_at_datetime,searched_in_country,sentiment
#4corners,http://twitter.com/search?q=%234corners,%234corners,,10:20.8,Australia,Positive
#couchpeloton,http://twitter.com/search?q=%23couchpeloton,%23couchpeloton,,10:20.8,Australia,Positive
#Eternals,http://twitter.com/search?q=%23Eternals,%23Eternals,160462,10:20.8,Australia,Positive
#PanVisibilityDay,http://twitter.com/search?q=%23PanVisibilityDay,%23PanVisibilityDay,14413,10:20.8,Australia,Positive
#Giro,http://twitter.com/search?q=%23Giro,%23Giro,25718,10:20.8,Australia,Positive
#Eternals,http://twitter.com/search?q=%23Eternals,%23Eternals,160807,10:20.8,Brazil,Positive
#VALORANTMasters,http://twitter.com/search?q=%23VALORANTMasters,%23VALORANTMasters,,10:20.8,Brazil,Positive
#DIGAMENSTRUAÇÃO,http://twitter.com/search?q=%23DIGAMENSTRUA%C3%87%C3%83O,%23DIGAMENSTRUA%C3%87%C3%83O,,10:20.8,Brazil,Positive
#FREEZE_Tracklist,http://twitter.com/search?q=%23FREEZE_Tracklist,%23FREEZE_Tracklist,131698,10:20.8,Brazil,Positive
#justiceforpeep,http://twitter.com/search?q=%23justiceforpeep,%23justiceforpeep,10808,10:20.8,Brazil,Positive
#Eternals,http://twitter.com/search?q=%23Eternals,%23Eternals,160807,10:20.8,Canada,Positive
#Habs2021,http://twitter.com/search?q=%23Habs2021,%23Habs2021,,10:20.8,Canada,Positive
#TheView,http://twitter.com/search?q=%23TheView,%23TheView,,10:20.8,Canada,Positive
#PanVisibilityDay,http://twitter.com/search?q=%23PanVisibilityDay,%23PanVisibilityDay,14413,10:20.8,Canada,Positive
#mondaythoughts,http://twitter.com/search?q=%23mondaythoughts,%23mondaythoughts,32327,10:20.8,Canada,Positive
#Eternals,http://twitter.com/search?q=%23Eternals,%23Eternals,160462,10:20.8,France,Positive
#LaCasaDePapel,http://twitter.com/search?q=%23LaCasaDePapel,%23LaCasaDePapel,,10:20.8,France,Positive
#FreebetWinamax,http://twitter.com/search?q=%23FreebetWinamax,%23FreebetWinamax,,10:20.8,France,Positive
#StaySelcaDay,http://twitter.com/search?q=%23StaySelcaDay,%23StaySelcaDay,115620,10:20.8,France,Positive
#macflyetcarlito,http://twitter.com/search?q=%23macflyetcarlito,%23macflyetcarlito,10043,10:20.8,France,Positive
#Valls,http://twitter.com/search?q=%23Valls,%23Valls,,10:20.8,France,Positive
#PanVisibilityDay,http://twitter.com/search?q=%23PanVisibilityDay,%23PanVisibilityDay,14413,10:20.8,France,Positive
#sarahfraisou,http://twitter.com/search?q=%23sarahfraisou,%23sarahfraisou,,10:20.8,France,Positive
#Biomutant,http://twitter.com/search?q=%23Biomutant,%23Biomutant,,10:20.8,France,Positive
#mercantourclassic,http://twitter.com/search?q=%23mercantourclassic,%23mercantourclassic,,10:20.8,France,Positive
#Darmanin,http://twitter.com/search?q=%23Darmanin,%23Darmanin,,10:20.8,France,Positive
#LesRP,http://twitter.com/search?q=%23LesRP,%23LesRP,,10:20.8,France,Positive
#LOSCCHAMPION,http://twitter.com/search?q=%23LOSCCHAMPION,%23LOSCCHAMPION,,10:20.8,France,Positive
#DONT_FIGHT_THE_FEELING,http://twitter.com/search?q=%23DONT_FIGHT_THE_FEELING,%23DONT_FIGHT_THE_FEELING,2107538,10:20.8,France,Positive
#VenteOM,http://twitter.com/search?q=%23VenteOM,%23VenteOM,,10:20.8,France,Positive
#VerbotsparteiCDU,http://twitter.com/search?q=%23VerbotsparteiCDU,%23VerbotsparteiCDU,,10:20.8,Germany,Positive
#b2405,http://twitter.com/search?q=%23b2405,%23b2405,,10:20.8,Germany,Positive
#Wuhan,http://twitter.com/search?q=%23Wuhan,%23Wuhan,13697,10:20.8,Germany,Positive
#Eternals,http://twitter.com/search?q=%23Eternals,%23Eternals,160807,10:20.8,Germany,Positive
#A100stoppen,http://twitter.com/search?q=%23A100stoppen,%23A100stoppen,,10:20.8,Germany,Negative
#HappyBrothersDayVIJAY,http://twitter.com/search?q=%23HappyBrothersDayVIJAY,%23HappyBrothersDayVIJAY,144841,10:20.8,India,Negative
#MoneyHeist,http://twitter.com/search?q=%23MoneyHeist,%23MoneyHeist,,10:20.8,India,Negative
#Eternals,http://twitter.com/search?q=%23Eternals,%23Eternals,160807,10:20.8,India,Negative
#SaveLakshadweep,http://twitter.com/search?q=%23SaveLakshadweep,%23SaveLakshadweep,184589,10:20.8,India,Negative
#India_With_Ramdev,http://twitter.com/search?q=%23India_With_Ramdev,%23India_With_Ramdev,47511,10:20.8,India,Negative
#SelflessServiceByDSS,http://twitter.com/search?q=%23SelflessServiceByDSS,%23SelflessServiceByDSS,10139,10:20.8,India,Negative
#Always_shining_SHINee,http://twitter.com/search?q=%23Always_shining_SHINee,%23Always_shining_SHINee,112756,10:20.8,India,Negative
#LaCasaDePapel,http://twitter.com/search?q=%23LaCasaDePapel,%23LaCasaDePapel,,10:20.8,India,Negative
#KAI_OnRadar,http://twitter.com/search?q=%23KAI_OnRadar,%23KAI_OnRadar,621334,10:20.8,India,Negative
#YellowFungus,http://twitter.com/search?q=%23YellowFungus,%23YellowFungus,39208,10:20.8,India,Negative
#psbbschool,http://twitter.com/search?q=%23psbbschool,%23psbbschool,,10:20.8,India,Negative
#Anjana_must_value_Pharmacists,http://twitter.com/search?q=%23Anjana_must_value_Pharmacists,%23Anjana_must_value_Pharmacists,51594,10:20.8,India,Negative
#HappyBirthdayKarthi,http://twitter.com/search?q=%23HappyBirthdayKarthi,%23HappyBirthdayKarthi,11702,10:20.8,India,Negative
#AsimWithFaridoon,http://twitter.com/search?q=%23AsimWithFaridoon,%23AsimWithFaridoon,,10:20.8,India,Negative
#BAEKHYUN_OnRadar,http://twitter.com/search?q=%23BAEKHYUN_OnRadar,%23BAEKHYUN_OnRadar,580502,10:20.8,India,Negative
#aajtak,http://twitter.com/search?q=%23aajtak,%23aajtak,,10:20.8,India,Negative
#FREEZE_Tracklist,http://twitter.com/search?q=%23FREEZE_Tracklist,%23FREEZE_Tracklist,131698,10:20.8,India,Negative
#फार्मासिस्ट_नही_हैं_झोलाछाप,http://twitter.com/search?q=%23%E0%A4%AB%E0%A4%BE%E0%A4%B0%E0%A5%8D%E0%A4%AE%E0%A4%BE%E0%A4%B8%E0%A4%BF%E0%A4%B8%E0%A5%8D%E0%A4%9F_%E0%A4%A8%E0%A4%B9%E0%A5%80_%E0%A4%B9%E0%A5%88%E0%A4%82_%E0%A4%9D%E0%A5%8B%E0%A4%B2%E0%A4%BE%E0%A4%9B%E0%A4%BE%E0%A4%AA,%23%E0%A4%AB%E0%A4%BE%E0%A4%B0%E0%A5%8D%E0%A4%AE%E0%A4%BE%E0%A4%B8%E0%A4%BF%E0%A4%B8%E0%A5%8D%E0%A4%9F_%E0%A4%A8%E0%A4%B9%E0%A5%80_%E0%A4%B9%E0%A5%88%E0%A4%82_%E0%A4%9D%E0%A5%8B%E0%A4%B2%E0%A4%BE%E0%A4%9B%E0%A4%BE%E0%A4%AA,52435,10:20.8,India,Negative
#ThirdWave,http://twitter.com/search?q=%23ThirdWave,%23ThirdWave,,10:20.8,India,Negative
#uominiedonne,http://twitter.com/search?q=%23uominiedonne,%23uominiedonne,,10:20.8,Italy,Negative
#Gasparri,http://twitter.com/search?q=%23Gasparri,%23Gasparri,,10:20.8,Italy,Negative
#Eternals,http://twitter.com/search?q=%23Eternals,%23Eternals,160462,10:20.8,Italy,Negative
#LaCasaDePapel,http://twitter.com/search?q=%23LaCasaDePapel,%23LaCasaDePapel,,10:20.8,Italy,Negative
#LCDP5,http://twitter.com/search?q=%23LCDP5,%23LCDP5,20089,10:20.8,Italy,Negative
#LasVegasOro,http://twitter.com/search?q=%23LasVegasOro,%23LasVegasOro,,10:20.8,Italy,Negative
#Wuhan,http://twitter.com/search?q=%23Wuhan,%23Wuhan,13675,10:20.8,Italy,Negative
#Pomeriggio5,http://twitter.com/search?q=%23Pomeriggio5,%23Pomeriggio5,,10:20.8,Italy,Negative
#24maggio,http://twitter.com/search?q=%2324maggio,%2324maggio,,10:20.8,Italy,Negative
#LaCasaDiCarta,http://twitter.com/search?q=%23LaCasaDiCarta,%23LaCasaDiCarta,,10:20.8,Italy,Negative
#Eurovision2022,http://twitter.com/search?q=%23Eurovision2022,%23Eurovision2022,,10:20.8,Italy,Negative
#Conceicao,http://twitter.com/search?q=%23Conceicao,%23Conceicao,,10:20.8,Italy,Negative
#Giro104,http://twitter.com/search?q=%23Giro104,%23Giro104,,10:20.8,Italy,Negative
#funiviastresamottarone,http://twitter.com/search?q=%23funiviastresamottarone,%23funiviastresamottarone,,10:20.8,Italy,Negative
#Bernal,http://twitter.com/search?q=%23Bernal,%23Bernal,,10:20.8,Italy,Negative
#BobDylan,http://twitter.com/search?q=%23BobDylan,%23BobDylan,12402,10:20.8,Italy,Negative
#Ryanair,http://twitter.com/search?q=%23Ryanair,%23Ryanair,34597,10:20.8,Italy,Negative
#eurosportciclismo,http://twitter.com/search?q=%23eurosportciclismo,%23eurosportciclismo,,10:20.8,Italy,Negative
#Viaggiando,http://twitter.com/search?q=%23Viaggiando,%23Viaggiando,,10:20.8,Italy,Negative
#TraISimboli,http://twitter.com/search?q=%23TraISimboli,%23TraISimboli,,10:20.8,Italy,Negative
#StaySelcaDay,http://twitter.com/search?q=%23StaySelcaDay,%23StaySelcaDay,115620,10:20.8,Ukraine,Negative
#DONT_FIGHT_THE_FEELING,http://twitter.com/search?q=%23DONT_FIGHT_THE_FEELING,%23DONT_FIGHT_THE_FEELING,2147284,10:20.8,Ukraine,Negative
#StrayKids,http://twitter.com/search?q=%23StrayKids,%23StrayKids,302814,10:20.8,Ukraine,Negative
#Belarus,http://twitter.com/search?q=%23Belarus,%23Belarus,51102,10:20.8,Ukraine,Negative
#cryptocurrency,http://twitter.com/search?q=%23cryptocurrency,%23cryptocurrency,82210,10:20.8,Ukraine,Negative
#blockchain,http://twitter.com/search?q=%23blockchain,%23blockchain,33950,10:20.8,Ukraine,Negative
#maneskin,http://twitter.com/search?q=%23maneskin,%23maneskin,29294,10:20.8,Ukraine,Negative
#Protasevich,http://twitter.com/search?q=%23Protasevich,%23Protasevich,,10:20.8,Ukraine,Negative
#Bitcoin,http://twitter.com/search?q=%23Bitcoin,%23Bitcoin,225026,10:20.8,Ukraine,Negative
#FelizLunes,http://twitter.com/search?q=%23FelizLunes,%23FelizLunes,21123,10:20.8,Mexico,Positive
#Eternals,http://twitter.com/search?q=%23Eternals,%23Eternals,160807,10:20.8,Mexico,Positive
#PoderosoTravieso,http://twitter.com/search?q=%23PoderosoTravieso,%23PoderosoTravieso,,10:20.8,Mexico,Positive
#FREEZE_Tracklist,http://twitter.com/search?q=%23FREEZE_Tracklist,%23FREEZE_Tracklist,131698,10:20.8,Mexico,Positive
#FelizInicioDeSemana,http://twitter.com/search?q=%23FelizInicioDeSemana,%23FelizInicioDeSemana,,10:20.8,Mexico,Positive
#KAI_OnRadar,http://twitter.com/search?q=%23KAI_OnRadar,%23KAI_OnRadar,618547,10:20.8,Mexico,Positive
#Always_shining_SHINee,http://twitter.com/search?q=%23Always_shining_SHINee,%23Always_shining_SHINee,112756,10:20.8,Mexico,Positive
#LaCasaDePapel,http://twitter.com/search?q=%23LaCasaDePapel,%23LaCasaDePapel,,10:20.8,Mexico,Positive
#BAEKHYUN_OnRadar,http://twitter.com/search?q=%23BAEKHYUN_OnRadar,%23BAEKHYUN_OnRadar,583095,10:20.8,Mexico,Positive
#BuenLunes,http://twitter.com/search?q=%23BuenLunes,%23BuenLunes,,10:20.8,Mexico,Positive
#LCDP5,http://twitter.com/search?q=%23LCDP5,%23LCDP5,20159,10:20.8,Mexico,Positive
#KornoTormentoso,http://twitter.com/search?q=%23KornoTormentoso,%23KornoTormentoso,,10:20.8,Mexico,Positive
#VALORANTMasters,http://twitter.com/search?q=%23VALORANTMasters,%23VALORANTMasters,,10:20.8,Mexico,Positive
#EURO2020,http://twitter.com/search?q=%23EURO2020,%23EURO2020,18359,10:20.8,Mexico,Positive
#MiReinoPor,http://twitter.com/search?q=%23MiReinoPor,%23MiReinoPor,,10:20.8,Mexico,Positive
#DONT_FIGHT_THE_FEELING,http://twitter.com/search?q=%23DONT_FIGHT_THE_FEELING,%23DONT_FIGHT_THE_FEELING,2107538,10:20.8,Mexico,Positive
#EXO_SignalReceived,http://twitter.com/search?q=%23EXO_SignalReceived,%23EXO_SignalReceived,427116,10:20.8,Mexico,Positive
#Eternals,http://twitter.com/search?q=%23Eternals,%23Eternals,160807,10:20.8,United States,Positive
#PanVisibilityDay,http://twitter.com/search?q=%23PanVisibilityDay,%23PanVisibilityDay,14413,10:20.8,United States,Positive
#TheView,http://twitter.com/search?q=%23TheView,%23TheView,,10:20.8,United States,Positive
#MondayMotivation,http://twitter.com/search?q=%23MondayMotivation,%23MondayMotivation,125679,10:20.8,United States,Positive
#mondaythoughts,http://twitter.com/search?q=%23mondaythoughts,%23mondaythoughts,32327,10:20.8,United States,Positive
#COVID19Vic,http://twitter.com/search?q=%23COVID19Vic,%23COVID19Vic,,20:59.9,Australia,Positive
#estimates,http://twitter.com/search?q=%23estimates,%23estimates,,20:59.9,Australia,Positive
#SpringSt,http://twitter.com/search?q=%23SpringSt,%23SpringSt,,20:59.9,Australia,Positive
#ScoMosDossier,http://twitter.com/search?q=%23ScoMosDossier,%23ScoMosDossier,,20:59.9,Australia,Positive
#auspol,http://twitter.com/search?q=%23auspol,%23auspol,42768,20:59.9,Australia,Positive
#forafelipemelo,http://twitter.com/search?q=%23forafelipemelo,%23forafelipemelo,10212,20:59.9,Brazil,Positive
#PazuelloGovernadorRJ,http://twitter.com/search?q=%23PazuelloGovernadorRJ,%23PazuelloGovernadorRJ,,20:59.9,Brazil,Positive
#AnjosEmSodoma,http://twitter.com/search?q=%23AnjosEmSodoma,%23AnjosEmSodoma,,20:59.9,Brazil,Positive
#NBBnaESPN,http://twitter.com/search?q=%23NBBnaESPN,%23NBBnaESPN,,20:59.9,Brazil,Positive
#nbanosportv,http://twitter.com/search?q=%23nbanosportv,%23nbanosportv,,20:59.9,Brazil,Positive
#GoHabsGo,http://twitter.com/search?q=%23GoHabsGo,%23GoHabsGo,,20:59.9,Canada,Positive
#TORvsMTL,http://twitter.com/search?q=%23TORvsMTL,%23TORvsMTL,,20:59.9,Canada,Positive
#WWERaw,http://twitter.com/search?q=%23WWERaw,%23WWERaw,17881,20:59.9,Canada,Positive
#911onFOX,http://twitter.com/search?q=%23911onFOX,%23911onFOX,20997,20:59.9,Canada,Positive
#leafsnation,http://twitter.com/search?q=%23leafsnation,%23leafsnation,,20:59.9,Canada,Positive
#patronincognito,http://twitter.com/search?q=%23patronincognito,%23patronincognito,,20:59.9,France,Positive
#titanic,http://twitter.com/search?q=%23titanic,%23titanic,,20:59.9,France,Positive
#PlanB,http://twitter.com/search?q=%23PlanB,%23PlanB,,20:59.9,France,Positive
#911onFOX,http://twitter.com/search?q=%23911onFOX,%23911onFOX,21024,20:59.9,France,Positive
#LDBS,http://twitter.com/search?q=%23LDBS,%23LDBS,,20:59.9,France,Positive
#DHDL,http://twitter.com/search?q=%23DHDL,%23DHDL,,20:59.9,Germany,Positive
#911onFOX,http://twitter.com/search?q=%23911onFOX,%23911onFOX,20939,20:59.9,Germany,Positive
#Tatort,http://twitter.com/search?q=%23Tatort,%23Tatort,,20:59.9,Germany,Positive
#Vonovia,http://twitter.com/search?q=%23Vonovia,%23Vonovia,,20:59.9,Germany,Positive
#DeutscheWohnen,http://twitter.com/search?q=%23DeutscheWohnen,%23DeutscheWohnen,,20:59.9,Germany,Positive
#मोदी_पनौती_है,http://twitter.com/search?q=%23%E0%A4%AE%E0%A5%8B%E0%A4%A6%E0%A5%80_%E0%A4%AA%E0%A4%A8%E0%A5%8C%E0%A4%A4%E0%A5%80_%E0%A4%B9%E0%A5%88,%23%E0%A4%AE%E0%A5%8B%E0%A4%A6%E0%A5%80_%E0%A4%AA%E0%A4%A8%E0%A5%8C%E0%A4%A4%E0%A5%80_%E0%A4%B9%E0%A5%88,,20:59.9,India,Positive
#GodMorningTuesday,http://twitter.com/search?q=%23GodMorningTuesday,%23GodMorningTuesday,,20:59.9,India,Positive
#tuesdaymotivations,http://twitter.com/search?q=%23tuesdaymotivations,%23tuesdaymotivations,,20:59.9,India,Positive
#tuesdayvibe,http://twitter.com/search?q=%23tuesdayvibe,%23tuesdayvibe,,20:59.9,India,Positive
#मोदी_कायर_है,http://twitter.com/search?q=%23%E0%A4%AE%E0%A5%8B%E0%A4%A6%E0%A5%80_%E0%A4%95%E0%A4%BE%E0%A4%AF%E0%A4%B0_%E0%A4%B9%E0%A5%88,%23%E0%A4%AE%E0%A5%8B%E0%A4%A6%E0%A5%80_%E0%A4%95%E0%A4%BE%E0%A4%AF%E0%A4%B0_%E0%A4%B9%E0%A5%88,89180,20:59.9,India,Positive
#isola,http://twitter.com/search?q=%23isola,%23isola,41501,20:59.9,Italy,Positive
#partitadelcuore,http://twitter.com/search?q=%23partitadelcuore,%23partitadelcuore,,20:59.9,Italy,Positive
#tommasozorzi,http://twitter.com/search?q=%23tommasozorzi,%23tommasozorzi,61086,20:59.9,Italy,Positive
#FOTIKITAKA,http://twitter.com/search?q=%23FOTIKITAKA,%23FOTIKITAKA,10746,20:59.9,Italy,Positive
#nazionalecantanti,http://twitter.com/search?q=%23nazionalecantanti,%23nazionalecantanti,,20:59.9,Italy,Positive
#Maignan,http://twitter.com/search?q=%23Maignan,%23Maignan,,20:59.9,Italy,Positive
#IlTraditore,http://twitter.com/search?q=%23IlTraditore,%23IlTraditore,,20:59.9,Italy,Positive
#gregorandoxdoccia,http://twitter.com/search?q=%23gregorandoxdoccia,%23gregorandoxdoccia,,20:59.9,Italy,Positive
#911onFOX,http://twitter.com/search?q=%23911onFOX,%23911onFOX,20997,20:59.9,Italy,Positive
#BuonCompleannoEmma,http://twitter.com/search?q=%23BuonCompleannoEmma,%23BuonCompleannoEmma,,20:59.9,Italy,Positive
#Reportrai3,http://twitter.com/search?q=%23Reportrai3,%23Reportrai3,,20:59.9,Italy,Positive
#faribona,http://twitter.com/search?q=%23faribona,%23faribona,,20:59.9,Italy,Positive
#bestofme,http://twitter.com/search?q=%23bestofme,%23bestofme,,20:59.9,Italy,Positive
#chiNonTrova,http://twitter.com/search?q=%23chiNonTrova,%23chiNonTrova,,20:59.9,Italy,Positive
#Eurovision2022,http://twitter.com/search?q=%23Eurovision2022,%23Eurovision2022,11788,20:59.9,Italy,Positive
#cinegasparri,http://twitter.com/search?q=%23cinegasparri,%23cinegasparri,,20:59.9,Italy,Positive
#cumtributeِ,http://twitter.com/search?q=%23cumtribute%D9%90,%23cumtribute%D9%90,,20:59.9,Ukraine,Positive
#StaySelcaDay,http://twitter.com/search?q=%23StaySelcaDay,%23StaySelcaDay,210658,20:59.9,Ukraine,Positive
#hornyِ,http://twitter.com/search?q=%23horny%D9%90,%23horny%D9%90,27501,20:59.9,Ukraine,Positive
#nsfwِ,http://twitter.com/search?q=%23nsfw%D9%90,%23nsfw%D9%90,55945,20:59.9,Ukraine,Positive
#COVID19,http://twitter.com/search?q=%23COVID19,%23COVID19,347028,20:59.9,Ukraine,Positive
#VivaHotSale,http://twitter.com/search?q=%23VivaHotSale,%23VivaHotSale,,20:59.9,Mexico,Positive
#NoEresPandiluxSi,http://twitter.com/search?q=%23NoEresPandiluxSi,%23NoEresPandiluxSi,,20:59.9,Mexico,Positive
#VoyConCosasBuenas,http://twitter.com/search?q=%23VoyConCosasBuenas,%23VoyConCosasBuenas,,20:59.9,Mexico,Positive
#LopezObradorEresLaBestia,http://twitter.com/search?q=%23LopezObradorEresLaBestia,%23LopezObradorEresLaBestia,11320,20:59.9,Mexico,Positive
#ConvoySensible,http://twitter.com/search?q=%23ConvoySensible,%23ConvoySensible,,20:59.9,Mexico,Positive
#WWERaw,http://twitter.com/search?q=%23WWERaw,%23WWERaw,17881,20:59.9,United States,Positive
#911onFOX,http://twitter.com/search?q=%23911onFOX,%23911onFOX,20997,20:59.9,United States,Positive
#BlackLightning,http://twitter.com/search?q=%23BlackLightning,%23BlackLightning,,20:59.9,United States,Positive
#eloninthechat,http://twitter.com/search?q=%23eloninthechat,%23eloninthechat,,20:59.9,United States,Positive
#TheVoice,http://twitter.com/search?q=%23TheVoice,%23TheVoice,,20:59.9,United States,Positive
#SorryDay,http://twitter.com/search?q=%23SorryDay,%23SorryDay,,39:52.6,Australia,Positive
#COVID19Vic,http://twitter.com/search?q=%23COVID19Vic,%23COVID19Vic,,39:52.6,Australia,Positive
#mieeforum,http://twitter.com/search?q=%23mieeforum,%23mieeforum,,39:52.6,Australia,Positive
#lockdown,http://twitter.com/search?q=%23lockdown,%23lockdown,14273,39:52.6,Australia,Positive
#MIEExpert,http://twitter.com/search?q=%23MIEExpert,%23MIEExpert,,39:52.6,Australia,Positive
#LibertadoresNoSBT,http://twitter.com/search?q=%23LibertadoresNoSBT,%23LibertadoresNoSBT,,39:52.6,Brazil,Positive
#LibertadoresFOXSports,http://twitter.com/search?q=%23LibertadoresFOXSports,%23LibertadoresFOXSports,,39:52.6,Brazil,Positive
#AmazonTricolor,http://twitter.com/search?q=%23AmazonTricolor,%23AmazonTricolor,38529,39:52.6,Brazil,Positive
#ADestruiçãoDeSodoma,http://twitter.com/search?q=%23ADestrui%C3%A7%C3%A3oDeSodoma,%23ADestrui%C3%A7%C3%A3oDeSodoma,14360,39:52.6,Brazil,Positive
#TricolorNaConmebolTV,http://twitter.com/search?q=%23TricolorNaConmebolTV,%23TricolorNaConmebolTV,,39:52.6,Brazil,Positive
#Habs,http://twitter.com/search?q=%23Habs,%23Habs,,39:52.6,Canada,Positive
#TORvsMTL,http://twitter.com/search?q=%23TORvsMTL,%23TORvsMTL,,39:52.6,Canada,Positive
#WWENXT,http://twitter.com/search?q=%23WWENXT,%23WWENXT,18676,39:52.6,Canada,Positive
#bootwtselfieday,http://twitter.com/search?q=%23bootwtselfieday,%23bootwtselfieday,10142,39:52.6,Canada,Positive
#pdsbmtg,http://twitter.com/search?q=%23pdsbmtg,%23pdsbmtg,,39:52.6,Canada,Positive
#rdveti,http://twitter.com/search?q=%23rdveti,%23rdveti,,39:52.6,France,Positive
#rendezvousenterreinconnue,http://twitter.com/search?q=%23rendezvousenterreinconnue,%23rendezvousenterreinconnue,,39:52.6,France,Positive
#AJamaisLesPremiers,http://twitter.com/search?q=%23AJamaisLesPremiers,%23AJamaisLesPremiers,,39:52.6,France,Positive
#NBAextra,http://twitter.com/search?q=%23NBAextra,%23NBAextra,,39:52.6,France,Positive
#STREAMINGBUTTER,http://twitter.com/search?q=%23STREAMINGBUTTER,%23STREAMINGBUTTER,1155768,39:52.6,France,Positive
#Lanz,http://twitter.com/search?q=%23Lanz,%23Lanz,,39:52.6,Germany,Positive
#STREAMINGBUTTER,http://twitter.com/search?q=%23STREAMINGBUTTER,%23STREAMINGBUTTER,1155442,39:52.6,Germany,Positive
#besteshow,http://twitter.com/search?q=%23besteshow,%23besteshow,,39:52.6,Germany,Positive
#LateNightBerlin,http://twitter.com/search?q=%23LateNightBerlin,%23LateNightBerlin,,39:52.6,Germany,Positive
#AskMarvel,http://twitter.com/search?q=%23AskMarvel,%23AskMarvel,,39:52.6,Germany,Positive
#Black_Day_Of_Farmers,http://twitter.com/search?q=%23Black_Day_Of_Farmers,%23Black_Day_Of_Farmers,,39:52.6,India,Positive
#NationalBlackDay,http://twitter.com/search?q=%23NationalBlackDay,%23NationalBlackDay,,39:52.6,India,Positive
#GodMorningWednesday,http://twitter.com/search?q=%23GodMorningWednesday,%23GodMorningWednesday,,39:52.6,India,Positive
#FeedAndSaveBirds,http://twitter.com/search?q=%23FeedAndSaveBirds,%23FeedAndSaveBirds,,39:52.6,India,Positive
#wednesdaythought,http://twitter.com/search?q=%23wednesdaythought,%23wednesdaythought,,39:52.6,India,Positive
#BuddhaPurnima,http://twitter.com/search?q=%23BuddhaPurnima,%23BuddhaPurnima,,39:52.6,India,Positive
#FreeJaggiNow,http://twitter.com/search?q=%23FreeJaggiNow,%23FreeJaggiNow,15468,39:52.6,India,Positive
#6MonthsOfFarmersProtest,http://twitter.com/search?q=%236MonthsOfFarmersProtest,%236MonthsOfFarmersProtest,,39:52.6,India,Positive
#TwitterBanInIndia,http://twitter.com/search?q=%23TwitterBanInIndia,%23TwitterBanInIndia,13975,39:52.6,India,Positive
#STREAMINGBUTTER,http://twitter.com/search?q=%23STREAMINGBUTTER,%23STREAMINGBUTTER,1155718,39:52.6,India,Positive
#Wednesdayvibe,http://twitter.com/search?q=%23Wednesdayvibe,%23Wednesdayvibe,,39:52.6,India,Positive
#WednesdayMotivation,http://twitter.com/search?q=%23WednesdayMotivation,%23WednesdayMotivation,,39:52.6,India,Positive
#ObbligoVaccinale,http://twitter.com/search?q=%23ObbligoVaccinale,%23ObbligoVaccinale,,39:52.6,Italy,Positive
#cartabianca,http://twitter.com/search?q=%23cartabianca,%23cartabianca,,39:52.6,Italy,Positive
#nuovocinemaparadiso,http://twitter.com/search?q=%23nuovocinemaparadiso,%23nuovocinemaparadiso,,39:52.6,Italy,Positive
#partitadelcuore,http://twitter.com/search?q=%23partitadelcuore,%23partitadelcuore,26237,39:52.6,Italy,Positive
#soulsister,http://twitter.com/search?q=%23soulsister,%23soulsister,,39:52.6,Italy,Positive
#STREAMINGBUTTER,http://twitter.com/search?q=%23STREAMINGBUTTER,%23STREAMINGBUTTER,1155768,39:52.6,Ukraine,Positive
#nsfwِ,http://twitter.com/search?q=%23nsfw%D9%90,%23nsfw%D9%90,56787,39:52.6,Ukraine,Positive
#MorenaNosDejóMorir,http://twitter.com/search?q=%23MorenaNosDej%C3%B3Morir,%23MorenaNosDej%C3%B3Morir,16259,39:52.6,Mexico,Positive
#NoVotesPorMorena,http://twitter.com/search?q=%23NoVotesPorMorena,%23NoVotesPorMorena,12546,39:52.6,Mexico,Positive
#IntegracionLouiesMexas,http://twitter.com/search?q=%23IntegracionLouiesMexas,%23IntegracionLouiesMexas,,39:52.6,Mexico,Positive
#FinalesEnPlaydoit,http://twitter.com/search?q=%23FinalesEnPlaydoit,%23FinalesEnPlaydoit,,39:52.6,Mexico,Positive
#정호석금발,http://twitter.com/search?q=%23%EC%A0%95%ED%98%B8%EC%84%9D%EA%B8%88%EB%B0%9C,%23%EC%A0%95%ED%98%B8%EC%84%9D%EA%B8%88%EB%B0%9C,,39:52.6,Mexico,Positive
#RHONY,http://twitter.com/search?q=%23RHONY,%23RHONY,,39:52.6,United States,Positive
#WWENXT,http://twitter.com/search?q=%23WWENXT,%23WWENXT,19027,39:52.6,United States,Positive
#bootwtselfieday,http://twitter.com/search?q=%23bootwtselfieday,%23bootwtselfieday,10155,39:52.6,United States,Positive
#bootwtprom,http://twitter.com/search?q=%23bootwtprom,%23bootwtprom,,39:52.6,United States,Positive
#NCIS,http://twitter.com/search?q=%23NCIS,%23NCIS,,39:52.6,United States,Positive
#melbournelockdown,http://twitter.com/search?q=%23melbournelockdown,%23melbournelockdown,,52:43.9,Australia,Positive
#CovidVic,http://twitter.com/search?q=%23CovidVic,%23CovidVic,,52:43.9,Australia,Positive
#MorrisonOutbreak,http://twitter.com/search?q=%23MorrisonOutbreak,%23MorrisonOutbreak,,52:43.9,Australia,Positive
#NRW2021,http://twitter.com/search?q=%23NRW2021,%23NRW2021,,52:43.9,Australia,Positive
#ScottyDoesNothing,http://twitter.com/search?q=%23ScottyDoesNothing,%23ScottyDoesNothing,,52:43.9,Australia,Positive
#MoreThanAWord,http://twitter.com/search?q=%23MoreThanAWord,%23MoreThanAWord,,52:43.9,Australia,Positive
#RWHS21,http://twitter.com/search?q=%23RWHS21,%23RWHS21,,52:43.9,Australia,Positive
#springst,http://twitter.com/search?q=%23springst,%23springst,,52:43.9,Australia,Positive
#VaccineStrollout,http://twitter.com/search?q=%23VaccineStrollout,%23VaccineStrollout,,52:43.9,Australia,Positive
#vicpol,http://twitter.com/search?q=%23vicpol,%23vicpol,,52:43.9,Australia,Positive
#ThisisNotJournalism,http://twitter.com/search?q=%23ThisisNotJournalism,%23ThisisNotJournalism,,52:43.9,Australia,Positive
#UELfinal,http://twitter.com/search?q=%23UELfinal,%23UELfinal,406935,52:43.9,Australia,Positive
#IStandWithDan,http://twitter.com/search?q=%23IStandWithDan,%23IStandWithDan,,52:43.9,Australia,Positive
#EuropaLeagueFinal,http://twitter.com/search?q=%23EuropaLeagueFinal,%23EuropaLeagueFinal,90365,52:43.9,Australia,Positive
#GetVaccinated,http://twitter.com/search?q=%23GetVaccinated,%23GetVaccinated,,52:43.9,Australia,Positive
#BTSMeal,http://twitter.com/search?q=%23BTSMeal,%23BTSMeal,782672,52:43.9,Australia,Positive
#MUFC,http://twitter.com/search?q=%23MUFC,%23MUFC,196770,52:43.9,Australia,Positive
#PeloCorinthians,http://twitter.com/search?q=%23PeloCorinthians,%23PeloCorinthians,72473,52:43.9,Brazil,Positive
#SaiaJustaNoGNT,http://twitter.com/search?q=%23SaiaJustaNoGNT,%23SaiaJustaNoGNT,,52:43.9,Brazil,Positive
#cantoriacarthur,http://twitter.com/search?q=%23cantoriacarthur,%23cantoriacarthur,,52:43.9,Brazil,Positive
#imperio,http://twitter.com/search?q=%23imperio,%23imperio,,52:43.9,Brazil,Positive
#timaonaconmeboltv,http://twitter.com/search?q=%23timaonaconmeboltv,%23timaonaconmeboltv,,52:43.9,Brazil,Positive
#Isles,http://twitter.com/search?q=%23Isles,%23Isles,13283,52:43.9,Canada,Positive
#TheMaskedSinger,http://twitter.com/search?q=%23TheMaskedSinger,%23TheMaskedSinger,12089,52:43.9,Canada,Positive
#ChicagoFire,http://twitter.com/search?q=%23ChicagoFire,%23ChicagoFire,,52:43.9,Canada,Positive
#PITvsNYI,http://twitter.com/search?q=%23PITvsNYI,%23PITvsNYI,,52:43.9,Canada,Positive
#RHOBH,http://twitter.com/search?q=%23RHOBH,%23RHOBH,,52:43.9,Canada,Positive
#VILMUN,http://twitter.com/search?q=%23VILMUN,%23VILMUN,65929,52:43.9,France,Positive
#UELfinal,http://twitter.com/search?q=%23UELfinal,%23UELfinal,407001,52:43.9,France,Positive
#EuropaLeagueFinal,http://twitter.com/search?q=%23EuropaLeagueFinal,%23EuropaLeagueFinal,90360,52:43.9,France,Positive
#vaccinationobligatoire,http://twitter.com/search?q=%23vaccinationobligatoire,%23vaccinationobligatoire,,52:43.9,France,Positive
#manvil,http://twitter.com/search?q=%23manvil,%23manvil,,52:43.9,France,Positive
#LaRoomK,http://twitter.com/search?q=%23LaRoomK,%23LaRoomK,,52:43.9,France,Positive
#fabspace,http://twitter.com/search?q=%23fabspace,%23fabspace,,52:43.9,France,Positive
#PARCOURSUP,http://twitter.com/search?q=%23PARCOURSUP,%23PARCOURSUP,16836,52:43.9,France,Positive
#GrenelleDeLaHonte,http://twitter.com/search?q=%23GrenelleDeLaHonte,%23GrenelleDeLaHonte,,52:43.9,France,Positive
#UELfinal,http://twitter.com/search?q=%23UELfinal,%23UELfinal,407001,52:43.9,Germany,Positive
#maischberger,http://twitter.com/search?q=%23maischberger,%23maischberger,,52:43.9,Germany,Positive
#Lanz,http://twitter.com/search?q=%23Lanz,%23Lanz,,52:43.9,Germany,Positive
#EuropaLeagueFinal,http://twitter.com/search?q=%23EuropaLeagueFinal,%23EuropaLeagueFinal,90360,52:43.9,Germany,Positive
#TheRevivalWednesday,http://twitter.com/search?q=%23TheRevivalWednesday,%23TheRevivalWednesday,54185,52:43.9,Germany,Positive
#ThursdayThoughts,http://twitter.com/search?q=%23ThursdayThoughts,%23ThursdayThoughts,,52:43.9,India,Positive
#UELfinal,http://twitter.com/search?q=%23UELfinal,%23UELfinal,406990,52:43.9,India,Positive
#ThursdayMotivation,http://twitter.com/search?q=%23ThursdayMotivation,%23ThursdayMotivation,,52:43.9,India,Positive
#GodMorningThursday,http://twitter.com/search?q=%23GodMorningThursday,%23GodMorningThursday,,52:43.9,India,Positive
#EuropaLeagueFinal,http://twitter.com/search?q=%23EuropaLeagueFinal,%23EuropaLeagueFinal,90373,52:43.9,India,Positive
#एकजुट_किसान_मोदी_परेशान,http://twitter.com/search?q=%23%E0%A4%8F%E0%A4%95%E0%A4%9C%E0%A5%81%E0%A4%9F_%E0%A4%95%E0%A4%BF%E0%A4%B8%E0%A4%BE%E0%A4%A8_%E0%A4%AE%E0%A5%8B%E0%A4%A6%E0%A5%80_%E0%A4%AA%E0%A4%B0%E0%A5%87%E0%A4%B6%E0%A4%BE%E0%A4%A8,%23%E0%A4%8F%E0%A4%95%E0%A4%9C%E0%A5%81%E0%A4%9F_%E0%A4%95%E0%A4%BF%E0%A4%B8%E0%A4%BE%E0%A4%A8_%E0%A4%AE%E0%A5%8B%E0%A4%A6%E0%A5%80_%E0%A4%AA%E0%A4%B0%E0%A5%87%E0%A4%B6%E0%A4%BE%E0%A4%A8,,52:43.9,India,Positive
#MUFC,http://twitter.com/search?q=%23MUFC,%23MUFC,196780,52:43.9,India,Positive
#VILMUN,http://twitter.com/search?q=%23VILMUN,%23VILMUN,65930,52:43.9,India,Positive
#khansirpatna,http://twitter.com/search?q=%23khansirpatna,%23khansirpatna,18629,52:43.9,India,Positive
#OleOut,http://twitter.com/search?q=%23OleOut,%23OleOut,40299,52:43.9,India,Positive
#ManchesterUnited,http://twitter.com/search?q=%23ManchesterUnited,%23ManchesterUnited,13315,52:43.9,India,Positive
#WeLovePmModiJi,http://twitter.com/search?q=%23WeLovePmModiJi,%23WeLovePmModiJi,62007,52:43.9,India,Positive
#MANVIL,http://twitter.com/search?q=%23MANVIL,%23MANVIL,,52:43.9,India,Positive
#GGMU,http://twitter.com/search?q=%23GGMU,%23GGMU,15593,52:43.9,India,Positive
#OleIn,http://twitter.com/search?q=%23OleIn,%23OleIn,,52:43.9,India,Positive
#EuropaFinal,http://twitter.com/search?q=%23EuropaFinal,%23EuropaFinal,11145,52:43.9,India,Positive
#EkMiniKatha,http://twitter.com/search?q=%23EkMiniKatha,%23EkMiniKatha,,52:43.9,India,Positive
#MehulChoksi,http://twitter.com/search?q=%23MehulChoksi,%23MehulChoksi,,52:43.9,India,Positive
#justiceforloviassumi,http://twitter.com/search?q=%23justiceforloviassumi,%23justiceforloviassumi,10286,52:43.9,India,Positive
#MyPrideYogiJi,http://twitter.com/search?q=%23MyPrideYogiJi,%23MyPrideYogiJi,59266,52:43.9,India,Positive
#Moonshot,http://twitter.com/search?q=%23Moonshot,%23Moonshot,11066,52:43.9,India,Positive
#supermoon,http://twitter.com/search?q=%23supermoon,%23supermoon,28937,52:43.9,India,Positive
#BloodMoon,http://twitter.com/search?q=%23BloodMoon,%23BloodMoon,11534,52:43.9,India,Positive
#VillarrealManUtd,http://twitter.com/search?q=%23VillarrealManUtd,%23VillarrealManUtd,10763,52:43.9,Italy,Positive
#chilhavisto,http://twitter.com/search?q=%23chilhavisto,%23chilhavisto,,52:43.9,Italy,Positive
#EuropaLeagueFinal,http://twitter.com/search?q=%23EuropaLeagueFinal,%23EuropaLeagueFinal,90373,52:43.9,Italy,Positive
#Emery,http://twitter.com/search?q=%23Emery,%23Emery,,52:43.9,Italy,Positive
#Zidane,http://twitter.com/search?q=%23Zidane,%23Zidane,29530,52:43.9,Italy,Positive
#tradenudesِ,http://twitter.com/search?q=%23tradenudes%D9%90,%23tradenudes%D9%90,,52:43.9,Ukraine,Negative
#BTSMeal,http://twitter.com/search?q=%23BTSMeal,%23BTSMeal,782672,52:43.9,Ukraine,Negative
#cryptocurrencies,http://twitter.com/search?q=%23cryptocurrencies,%23cryptocurrencies,28149,52:43.9,Ukraine,Negative
#cumtributeِ,http://twitter.com/search?q=%23cumtribute%D9%90,%23cumtribute%D9%90,,52:43.9,Ukraine,Negative
#thotِ,http://twitter.com/search?q=%23thot%D9%90,%23thot%D9%90,,52:43.9,Ukraine,Negative
#Bitcoin,http://twitter.com/search?q=%23Bitcoin,%23Bitcoin,214513,52:43.9,Ukraine,Negative
#DeltaBlues,http://twitter.com/search?q=%23DeltaBlues,%23DeltaBlues,,52:43.9,Ukraine,Negative
#BlindDogRadio,http://twitter.com/search?q=%23BlindDogRadio,%23BlindDogRadio,,52:43.9,Ukraine,Negative
#AlimentosSurvivor,http://twitter.com/search?q=%23AlimentosSurvivor,%23AlimentosSurvivor,,52:43.9,Mexico,Negative
#SweetButter,http://twitter.com/search?q=%23SweetButter,%23SweetButter,18505,52:43.9,Mexico,Negative
#TeamPolar,http://twitter.com/search?q=%23TeamPolar,%23TeamPolar,,52:43.9,Mexico,Negative
#TeamPanda,http://twitter.com/search?q=%23TeamPanda,%23TeamPanda,,52:43.9,Mexico,Negative
#VotaCarlosLeal,http://twitter.com/search?q=%23VotaCarlosLeal,%23VotaCarlosLeal,,52:43.9,Mexico,Negative
#TheMaskedSinger,http://twitter.com/search?q=%23TheMaskedSinger,%23TheMaskedSinger,12089,52:43.9,United States,Negative
#Isles,http://twitter.com/search?q=%23Isles,%23Isles,13323,52:43.9,United States,Negative
#MAFS,http://twitter.com/search?q=%23MAFS,%23MAFS,,52:43.9,United States,Negative
#MarriedAtFirstSight,http://twitter.com/search?q=%23MarriedAtFirstSight,%23MarriedAtFirstSight,,52:43.9,United States,Negative
#RHONJ,http://twitter.com/search?q=%23RHONJ,%23RHONJ,,52:43.9,United States,Negative
#MorrisonLockdown,http://twitter.com/search?q=%23MorrisonLockdown,%23MorrisonLockdown,19109,01:46.5,Australia,Negative
#VicLockdown,http://twitter.com/search?q=%23VicLockdown,%23VicLockdown,,01:46.5,Australia,Negative
#COVID19Vic,http://twitter.com/search?q=%23COVID19Vic,%23COVID19Vic,11178,01:46.5,Australia,Negative
#HorizonForbiddenWest,http://twitter.com/search?q=%23HorizonForbiddenWest,%23HorizonForbiddenWest,34968,01:46.5,Australia,Negative
#paytheworkers,http://twitter.com/search?q=%23paytheworkers,%23paytheworkers,,01:46.5,Australia,Negative
#iHeartAwards2021,http://twitter.com/search?q=%23iHeartAwards2021,%23iHeartAwards2021,228640,01:46.5,Brazil,Negative
#MestreDoSabor,http://twitter.com/search?q=%23MestreDoSabor,%23MestreDoSabor,,01:46.5,Brazil,Negative
#FLAxVEL,http://twitter.com/search?q=%23FLAxVEL,%23FLAxVEL,11914,01:46.5,Brazil,Negative
#gremionaconmeboltv,http://twitter.com/search?q=%23gremionaconmeboltv,%23gremionaconmeboltv,,01:46.5,Brazil,Negative
#colunadofla,http://twitter.com/search?q=%23colunadofla,%23colunadofla,,01:46.5,Brazil,Negative
#GoHabsGo,http://twitter.com/search?q=%23GoHabsGo,%23GoHabsGo,,01:46.5,Canada,Negative
#bucciovertimechallenge,http://twitter.com/search?q=%23bucciovertimechallenge,%23bucciovertimechallenge,,01:46.5,Canada,Negative
#GoLeafsGo,http://twitter.com/search?q=%23GoLeafsGo,%23GoLeafsGo,,01:46.5,Canada,Negative
#MTLvsTOR,http://twitter.com/search?q=%23MTLvsTOR,%23MTLvsTOR,,01:46.5,Canada,Negative
#FriendsReunion,http://twitter.com/search?q=%23FriendsReunion,%23FriendsReunion,284827,01:46.5,Canada,Negative
#DTFxJL,http://twitter.com/search?q=%23DTFxJL,%23DTFxJL,,01:46.5,France,Negative
#iHeartAwards2021,http://twitter.com/search?q=%23iHeartAwards2021,%23iHeartAwards2021,223358,01:46.5,France,Negative
#HorizonForbiddenWest,http://twitter.com/search?q=%23HorizonForbiddenWest,%23HorizonForbiddenWest,34971,01:46.5,France,Negative
#Chernobyl,http://twitter.com/search?q=%23Chernobyl,%23Chernobyl,,01:46.5,France,Negative
#Parcoursup2021,http://twitter.com/search?q=%23Parcoursup2021,%23Parcoursup2021,95324,01:46.5,France,Negative
#FriendsReunion,http://twitter.com/search?q=%23FriendsReunion,%23FriendsReunion,284803,01:46.5,France,Negative
#Station19,http://twitter.com/search?q=%23Station19,%23Station19,17585,01:46.5,France,Negative
#BUTTERARMYPARTY,http://twitter.com/search?q=%23BUTTERARMYPARTY,%23BUTTERARMYPARTY,245872,01:46.5,France,Negative
#SpaceOM,http://twitter.com/search?q=%23SpaceOM,%23SpaceOM,,01:46.5,France,Negative
#doublestar,http://twitter.com/search?q=%23doublestar,%23doublestar,,01:46.5,France,Negative
#StateOfPlay,http://twitter.com/search?q=%23StateOfPlay,%23StateOfPlay,,01:46.5,France,Negative
#ViolencesPolicieres,http://twitter.com/search?q=%23ViolencesPolicieres,%23ViolencesPolicieres,,01:46.5,France,Negative
#BernardTapie,http://twitter.com/search?q=%23BernardTapie,%23BernardTapie,,01:46.5,France,Negative
#FabSpace,http://twitter.com/search?q=%23FabSpace,%23FabSpace,,01:46.5,France,Negative
#Luther,http://twitter.com/search?q=%23Luther,%23Luther,,01:46.5,France,Negative
#gntm,http://twitter.com/search?q=%23gntm,%23gntm,49631,01:46.5,Germany,Negative
#HorizonForbiddenWest,http://twitter.com/search?q=%23HorizonForbiddenWest,%23HorizonForbiddenWest,34971,01:46.5,Germany,Negative
#Lanz,http://twitter.com/search?q=%23Lanz,%23Lanz,,01:46.5,Germany,Negative
#Laumann,http://twitter.com/search?q=%23Laumann,%23Laumann,,01:46.5,Germany,Negative
#BUTTERARMYPARTY,http://twitter.com/search?q=%23BUTTERARMYPARTY,%23BUTTERARMYPARTY,245634,01:46.5,Germany,Negative
#भगवान_का_विधान,http://twitter.com/search?q=%23%E0%A4%AD%E0%A4%97%E0%A4%B5%E0%A4%BE%E0%A4%A8_%E0%A4%95%E0%A4%BE_%E0%A4%B5%E0%A4%BF%E0%A4%A7%E0%A4%BE%E0%A4%A8,%23%E0%A4%AD%E0%A4%97%E0%A4%B5%E0%A4%BE%E0%A4%A8_%E0%A4%95%E0%A4%BE_%E0%A4%B5%E0%A4%BF%E0%A4%A7%E0%A4%BE%E0%A4%A8,14422,01:46.5,India,Negative
#FarmLaws_ThreatToIndians,http://twitter.com/search?q=%23FarmLaws_ThreatToIndians,%23FarmLaws_ThreatToIndians,12810,01:46.5,India,Negative
#FridayFitness,http://twitter.com/search?q=%23FridayFitness,%23FridayFitness,,01:46.5,India,Negative
#GodMorningFriday,http://twitter.com/search?q=%23GodMorningFriday,%23GodMorningFriday,,01:46.5,India,Negative
#VeerSavarkar,http://twitter.com/search?q=%23VeerSavarkar,%23VeerSavarkar,,01:46.5,India,Negative
#buongiornomamma,http://twitter.com/search?q=%23buongiornomamma,%23buongiornomamma,,01:46.5,Italy,Negative
#iHeartAwards2021,http://twitter.com/search?q=%23iHeartAwards2021,%23iHeartAwards2021,223358,01:46.5,Italy,Negative
#perdirtichemispiace,http://twitter.com/search?q=%23perdirtichemispiace,%23perdirtichemispiace,,01:46.5,Italy,Negative
#animeselcaday,http://twitter.com/search?q=%23animeselcaday,%23animeselcaday,80191,01:46.5,Italy,Negative
#ANITWTselcaDAY,http://twitter.com/search?q=%23ANITWTselcaDAY,%23ANITWTselcaDAY,78806,01:46.5,Italy,Negative
#tradenudesِ,http://twitter.com/search?q=%23tradenudes%D9%90,%23tradenudes%D9%90,,01:46.5,Ukraine,Negative
#nsfwِ,http://twitter.com/search?q=%23nsfw%D9%90,%23nsfw%D9%90,53662,01:46.5,Ukraine,Negative
#NFTs,http://twitter.com/search?q=%23NFTs,%23NFTs,52405,01:46.5,Ukraine,Negative
#протасевич,http://twitter.com/search?q=%23%D0%BF%D1%80%D0%BE%D1%82%D0%B0%D1%81%D0%B5%D0%B2%D0%B8%D1%87,%23%D0%BF%D1%80%D0%BE%D1%82%D0%B0%D1%81%D0%B5%D0%B2%D0%B8%D1%87,,01:46.5,Ukraine,Negative
#Украина,http://twitter.com/search?q=%23%D0%A3%D0%BA%D1%80%D0%B0%D0%B8%D0%BD%D0%B0,%23%D0%A3%D0%BA%D1%80%D0%B0%D0%B8%D0%BD%D0%B0,,01:46.5,Ukraine,Negative
#ButterListeningParty7,http://twitter.com/search?q=%23ButterListeningParty7,%23ButterListeningParty7,21343,01:46.5,Mexico,Negative
#DecisiónSurvivor,http://twitter.com/search?q=%23Decisi%C3%B3nSurvivor,%23Decisi%C3%B3nSurvivor,,01:46.5,Mexico,Negative
#iHeartAwards2021,http://twitter.com/search?q=%23iHeartAwards2021,%23iHeartAwards2021,227670,01:46.5,Mexico,Negative
#QueSigaElTaconazo,http://twitter.com/search?q=%23QueSigaElTaconazo,%23QueSigaElTaconazo,,01:46.5,Mexico,Negative
#BUTTERARMYPARTY,http://twitter.com/search?q=%23BUTTERARMYPARTY,%23BUTTERARMYPARTY,245700,01:46.5,Mexico,Negative
#iHeartAwards2021,http://twitter.com/search?q=%23iHeartAwards2021,%23iHeartAwards2021,223358,01:46.5,United States,Negative
#quacktwtselfieday,http://twitter.com/search?q=%23quacktwtselfieday,%23quacktwtselfieday,12394,01:46.5,United States,Negative
#FriendsReunion,http://twitter.com/search?q=%23FriendsReunion,%23FriendsReunion,284803,01:46.5,United States,Negative
#BUTTERARMYPARTY,http://twitter.com/search?q=%23BUTTERARMYPARTY,%23BUTTERARMYPARTY,245872,01:46.5,United States,Negative
#GREATESTHITS,http://twitter.com/search?q=%23GREATESTHITS,%23GREATESTHITS,35479,01:46.5,United States,Negative
#scottyslockdown,http://twitter.com/search?q=%23scottyslockdown,%23scottyslockdown,,19:19.3,Australia,Negative
#AEWDynamite,http://twitter.com/search?q=%23AEWDynamite,%23AEWDynamite,11529,19:19.3,Australia,Negative
#SmackDown,http://twitter.com/search?q=%23SmackDown,%23SmackDown,32516,19:19.3,Australia,Negative
#melbournelockdown4,http://twitter.com/search?q=%23melbournelockdown4,%23melbournelockdown4,,19:19.3,Australia,Negative
#NBAPlayoffs,http://twitter.com/search?q=%23NBAPlayoffs,%23NBAPlayoffs,23839,19:19.3,Australia,Negative
#SonhoLGBTQ,http://twitter.com/search?q=%23SonhoLGBTQ,%23SonhoLGBTQ,16082,19:19.3,Brazil,Negative
#zapoucalote,http://twitter.com/search?q=%23zapoucalote,%23zapoucalote,,19:19.3,Brazil,Negative
#29MPovoNasRuas,http://twitter.com/search?q=%2329MPovoNasRuas,%2329MPovoNasRuas,25329,19:19.3,Brazil,Negative
#방탄소년단RM,http://twitter.com/search?q=%23%EB%B0%A9%ED%83%84%EC%86%8C%EB%85%84%EB%8B%A8RM,%23%EB%B0%A9%ED%83%84%EC%86%8C%EB%85%84%EB%8B%A8RM,39280,19:19.3,Brazil,Negative
#Namjoon,http://twitter.com/search?q=%23Namjoon,%23Namjoon,38765,19:19.3,Brazil,Negative
#SmackDown,http://twitter.com/search?q=%23SmackDown,%23SmackDown,32516,19:19.3,Canada,Negative
#AEWDynamite,http://twitter.com/search?q=%23AEWDynamite,%23AEWDynamite,11529,19:19.3,Canada,Negative
#TheLastDriveIn,http://twitter.com/search?q=%23TheLastDriveIn,%23TheLastDriveIn,,19:19.3,Canada,Negative
#spacesgottalent,http://twitter.com/search?q=%23spacesgottalent,%23spacesgottalent,15378,19:19.3,Canada,Negative
#MINvsVGK,http://twitter.com/search?q=%23MINvsVGK,%23MINvsVGK,,19:19.3,Canada,Negative
#VegasBorn,http://twitter.com/search?q=%23VegasBorn,%23VegasBorn,,19:19.3,Canada,Negative
#Game7,http://twitter.com/search?q=%23Game7,%23Game7,,19:19.3,Canada,Negative
#mnwild,http://twitter.com/search?q=%23mnwild,%23mnwild,,19:19.3,Canada,Negative
#MutantFam,http://twitter.com/search?q=%23MutantFam,%23MutantFam,,19:19.3,Canada,Negative
#residentialschools,http://twitter.com/search?q=%23residentialschools,%23residentialschools,,19:19.3,Canada,Negative
#LuciferSeason5B,http://twitter.com/search?q=%23LuciferSeason5B,%23LuciferSeason5B,35866,19:19.3,Canada,Negative
#FriendsTheReunion,http://twitter.com/search?q=%23FriendsTheReunion,%23FriendsTheReunion,,19:19.3,Canada,Negative
#genocide,http://twitter.com/search?q=%23genocide,%23genocide,11033,19:19.3,Canada,Negative
#FridayVibes,http://twitter.com/search?q=%23FridayVibes,%23FridayVibes,17413,19:19.3,Canada,Negative
#UCLFinal,http://twitter.com/search?q=%23UCLFinal,%23UCLFinal,155005,19:19.3,Canada,Negative
#January6thCommission,http://twitter.com/search?q=%23January6thCommission,%23January6thCommission,54463,19:19.3,Canada,Negative
#FridayFeeling,http://twitter.com/search?q=%23FridayFeeling,%23FridayFeeling,25133,19:19.3,Canada,Negative
#KohLanta,http://twitter.com/search?q=%23KohLanta,%23KohLanta,70835,19:19.3,France,Negative
#NBAExtra,http://twitter.com/search?q=%23NBAExtra,%23NBAExtra,,19:19.3,France,Negative
#testdematurité,http://twitter.com/search?q=%23testdematurit%C3%A9,%23testdematurit%C3%A9,,19:19.3,France,Negative
#RstFm,http://twitter.com/search?q=%23RstFm,%23RstFm,,19:19.3,France,Negative
#SmackDown,http://twitter.com/search?q=%23SmackDown,%23SmackDown,32535,19:19.3,France,Negative
#LetsDance,http://twitter.com/search?q=%23LetsDance,%23LetsDance,,19:19.3,Germany,Negative
#MittelalterCamp,http://twitter.com/search?q=%23MittelalterCamp,%23MittelalterCamp,,19:19.3,Germany,Negative
#MFFL,http://twitter.com/search?q=%23MFFL,%23MFFL,,19:19.3,Germany,Negative
#LifeChangingVigil,http://twitter.com/search?q=%23LifeChangingVigil,%23LifeChangingVigil,46568,19:19.3,Germany,Negative
#heuteshow,http://twitter.com/search?q=%23heuteshow,%23heuteshow,,19:19.3,Germany,Negative
#HappinessMantra,http://twitter.com/search?q=%23HappinessMantra,%23HappinessMantra,10832,19:19.3,India,Negative
#मोदी_बिचौलिया_अडानी_का,http://twitter.com/search?q=%23%E0%A4%AE%E0%A5%8B%E0%A4%A6%E0%A5%80_%E0%A4%AC%E0%A4%BF%E0%A4%9A%E0%A5%8C%E0%A4%B2%E0%A4%BF%E0%A4%AF%E0%A4%BE_%E0%A4%85%E0%A4%A1%E0%A4%BE%E0%A4%A8%E0%A5%80_%E0%A4%95%E0%A4%BE,%23%E0%A4%AE%E0%A5%8B%E0%A4%A6%E0%A5%80_%E0%A4%AC%E0%A4%BF%E0%A4%9A%E0%A5%8C%E0%A4%B2%E0%A4%BF%E0%A4%AF%E0%A4%BE_%E0%A4%85%E0%A4%A1%E0%A4%BE%E0%A4%A8%E0%A5%80_%E0%A4%95%E0%A4%BE,24101,19:19.3,India,Negative
#SaturdayMorning,http://twitter.com/search?q=%23SaturdayMorning,%23SaturdayMorning,,19:19.3,India,Negative
#SaturdayThoughts,http://twitter.com/search?q=%23SaturdayThoughts,%23SaturdayThoughts,,19:19.3,India,Negative
#किसानो_के_वैक्सीन_लगाओ,http://twitter.com/search?q=%23%E0%A4%95%E0%A4%BF%E0%A4%B8%E0%A4%BE%E0%A4%A8%E0%A5%8B_%E0%A4%95%E0%A5%87_%E0%A4%B5%E0%A5%88%E0%A4%95%E0%A5%8D%E0%A4%B8%E0%A5%80%E0%A4%A8_%E0%A4%B2%E0%A4%97%E0%A4%BE%E0%A4%93,%23%E0%A4%95%E0%A4%BF%E0%A4%B8%E0%A4%BE%E0%A4%A8%E0%A5%8B_%E0%A4%95%E0%A5%87_%E0%A4%B5%E0%A5%88%E0%A4%95%E0%A5%8D%E0%A4%B8%E0%A5%80%E0%A4%A8_%E0%A4%B2%E0%A4%97%E0%A4%BE%E0%A4%93,10113,19:19.3,India,Negative
#quartogrado,http://twitter.com/search?q=%23quartogrado,%23quartogrado,,19:19.3,Italy,Negative
#IlSegreto,http://twitter.com/search?q=%23IlSegreto,%23IlSegreto,,19:19.3,Italy,Negative
#Hakimi,http://twitter.com/search?q=%23Hakimi,%23Hakimi,,19:19.3,Italy,Negative
#clubshowitalia,http://twitter.com/search?q=%23clubshowitalia,%23clubshowitalia,,19:19.3,Italy,Negative
#ItaliaSanMarino,http://twitter.com/search?q=%23ItaliaSanMarino,%23ItaliaSanMarino,,19:19.3,Italy,Negative
#tradenudesِ,http://twitter.com/search?q=%23tradenudes%D9%90,%23tradenudes%D9%90,,19:19.3,Ukraine,Negative
#NFTdrop,http://twitter.com/search?q=%23NFTdrop,%23NFTdrop,,19:19.3,Ukraine,Negative
#nakedِ,http://twitter.com/search?q=%23naked%D9%90,%23naked%D9%90,,19:19.3,Ukraine,Negative
#DeltaBlues,http://twitter.com/search?q=%23DeltaBlues,%23DeltaBlues,,19:19.3,Ukraine,Negative
#BlindDogRadio,http://twitter.com/search?q=%23BlindDogRadio,%23BlindDogRadio,,19:19.3,Ukraine,Negative
#nftcollector,http://twitter.com/search?q=%23nftcollector,%23nftcollector,27019,19:19.3,Ukraine,Negative
#TribusEnJuego,http://twitter.com/search?q=%23TribusEnJuego,%23TribusEnJuego,,19:19.3,Mexico,Negative
#PremiosLikesBrasil,http://twitter.com/search?q=%23PremiosLikesBrasil,%23PremiosLikesBrasil,47098,19:19.3,Mexico,Negative
#AlbumAnoEvermore,http://twitter.com/search?q=%23AlbumAnoEvermore,%23AlbumAnoEvermore,20007,19:19.3,Mexico,Negative
#AlbumHitFolklore,http://twitter.com/search?q=%23AlbumHitFolklore,%23AlbumHitFolklore,19983,19:19.3,Mexico,Negative
#DiadelPerroSinRaza,http://twitter.com/search?q=%23DiadelPerroSinRaza,%23DiadelPerroSinRaza,,19:19.3,Mexico,Negative
#AEWDynamite,http://twitter.com/search?q=%23AEWDynamite,%23AEWDynamite,11704,19:19.3,United States,Negative
#SmackDown,http://twitter.com/search?q=%23SmackDown,%23SmackDown,32496,19:19.3,United States,Negative
#TheLastDriveIn,http://twitter.com/search?q=%23TheLastDriveIn,%23TheLastDriveIn,,19:19.3,United States,Negative
#spacesgottalent,http://twitter.com/search?q=%23spacesgottalent,%23spacesgottalent,15398,19:19.3,United States,Negative
#MFFL,http://twitter.com/search?q=%23MFFL,%23MFFL,,19:19.3,United States,Negative
#insiders,http://twitter.com/search?q=%23insiders,%23insiders,15331,34:05.6,Australia,Negative
#auspol,http://twitter.com/search?q=%23auspol,%23auspol,29278,34:05.6,Australia,Negative
#Offsiders,http://twitter.com/search?q=%23Offsiders,%23Offsiders,,34:05.6,Australia,Negative
#melbournelockdown4,http://twitter.com/search?q=%23melbournelockdown4,%23melbournelockdown4,,34:05.6,Australia,Negative
#UCLFinal,http://twitter.com/search?q=%23UCLFinal,%23UCLFinal,1448185,34:05.6,Australia,Negative
#LiveCachacaCabare4,http://twitter.com/search?q=%23LiveCachacaCabare4,%23LiveCachacaCabare4,12237,34:05.6,Brazil,Negative
#29MForaBolsonaro,http://twitter.com/search?q=%2329MForaBolsonaro,%2329MForaBolsonaro,960918,34:05.6,Brazil,Negative
#desconjurou,http://twitter.com/search?q=%23desconjurou,%23desconjurou,52603,34:05.6,Brazil,Negative
#FestaPowerCouple,http://twitter.com/search?q=%23FestaPowerCouple,%23FestaPowerCouple,,34:05.6,Brazil,Negative
#ForaGenocida,http://twitter.com/search?q=%23ForaGenocida,%23ForaGenocida,43534,34:05.6,Brazil,Negative
#bucciovertimechallenge,http://twitter.com/search?q=%23bucciovertimechallenge,%23bucciovertimechallenge,,34:05.6,Canada,Negative
#TORvsMTL,http://twitter.com/search?q=%23TORvsMTL,%23TORvsMTL,,34:05.6,Canada,Negative
#215children,http://twitter.com/search?q=%23215children,%23215children,,34:05.6,Canada,Negative
#tmltalk,http://twitter.com/search?q=%23tmltalk,%23tmltalk,,34:05.6,Canada,Negative
#HNIC,http://twitter.com/search?q=%23HNIC,%23HNIC,,34:05.6,Canada,Negative
#UCLFinal,http://twitter.com/search?q=%23UCLFinal,%23UCLFinal,1448121,34:05.6,France,Negative
#ChampionsLeagueFinal,http://twitter.com/search?q=%23ChampionsLeagueFinal,%23ChampionsLeagueFinal,186080,34:05.6,France,Negative
#MCICHE,http://twitter.com/search?q=%23MCICHE,%23MCICHE,104094,34:05.6,France,Negative
#CHEMCI,http://twitter.com/search?q=%23CHEMCI,%23CHEMCI,31692,34:05.6,France,Negative
#OEED,http://twitter.com/search?q=%23OEED,%23OEED,,34:05.6,France,Negative
#STASM,http://twitter.com/search?q=%23STASM,%23STASM,,34:05.6,France,Negative
#lalettre,http://twitter.com/search?q=%23lalettre,%23lalettre,,34:05.6,France,Negative
#UCLFinal,http://twitter.com/search?q=%23UCLFinal,%23UCLFinal,1448121,34:05.6,Germany,Negative
#MCICHE,http://twitter.com/search?q=%23MCICHE,%23MCICHE,104094,34:05.6,Germany,Negative
#ChampionsLeagueFinal,http://twitter.com/search?q=%23ChampionsLeagueFinal,%23ChampionsLeagueFinal,186080,34:05.6,Germany,Negative
#MCICFC,http://twitter.com/search?q=%23MCICFC,%23MCICFC,10142,34:05.6,Germany,Negative
#kpopopinions,http://twitter.com/search?q=%23kpopopinions,%23kpopopinions,11604,34:05.6,Germany,Negative
#AajTak_दलाल_मोदी_का,http://twitter.com/search?q=%23AajTak_%E0%A4%A6%E0%A4%B2%E0%A4%BE%E0%A4%B2_%E0%A4%AE%E0%A5%8B%E0%A4%A6%E0%A5%80_%E0%A4%95%E0%A4%BE,%23AajTak_%E0%A4%A6%E0%A4%B2%E0%A4%BE%E0%A4%B2_%E0%A4%AE%E0%A5%8B%E0%A4%A6%E0%A5%80_%E0%A4%95%E0%A4%BE,31205,34:05.6,India,Negative
#SundayThoughts,http://twitter.com/search?q=%23SundayThoughts,%23SundayThoughts,,34:05.6,India,Negative
#GoBackStalin,http://twitter.com/search?q=%23GoBackStalin,%23GoBackStalin,,34:05.6,India,Negative
#SpiritualSunday,http://twitter.com/search?q=%23SpiritualSunday,%23SpiritualSunday,11717,34:05.6,India,Negative
#SundayMotivation,http://twitter.com/search?q=%23SundayMotivation,%23SundayMotivation,,34:05.6,India,Negative
#GodMorningSunday,http://twitter.com/search?q=%23GodMorningSunday,%23GodMorningSunday,,34:05.6,India,Negative
#NathSectYoga,http://twitter.com/search?q=%23NathSectYoga,%23NathSectYoga,86584,34:05.6,India,Negative
#UCLFinal,http://twitter.com/search?q=%23UCLFinal,%23UCLFinal,1447948,34:05.6,India,Negative
#पंचायत_सहायक_नियमित_करो,http://twitter.com/search?q=%23%E0%A4%AA%E0%A4%82%E0%A4%9A%E0%A4%BE%E0%A4%AF%E0%A4%A4_%E0%A4%B8%E0%A4%B9%E0%A4%BE%E0%A4%AF%E0%A4%95_%E0%A4%A8%E0%A4%BF%E0%A4%AF%E0%A4%AE%E0%A4%BF%E0%A4%A4_%E0%A4%95%E0%A4%B0%E0%A5%8B,%23%E0%A4%AA%E0%A4%82%E0%A4%9A%E0%A4%BE%E0%A4%AF%E0%A4%A4_%E0%A4%B8%E0%A4%B9%E0%A4%BE%E0%A4%AF%E0%A4%95_%E0%A4%A8%E0%A4%BF%E0%A4%AF%E0%A4%AE%E0%A4%BF%E0%A4%A4_%E0%A4%95%E0%A4%B0%E0%A5%8B,22734,34:05.6,India,Negative
#sundayvibes,http://twitter.com/search?q=%23sundayvibes,%23sundayvibes,,34:05.6,India,Negative
#SundayMorning,http://twitter.com/search?q=%23SundayMorning,%23SundayMorning,,34:05.6,India,Negative
#MannKiBaat,http://twitter.com/search?q=%23MannKiBaat,%23MannKiBaat,10605,34:05.6,India,Negative
#हिंदी_पत्रकारिता_दिवस,http://twitter.com/search?q=%23%E0%A4%B9%E0%A4%BF%E0%A4%82%E0%A4%A6%E0%A5%80_%E0%A4%AA%E0%A4%A4%E0%A5%8D%E0%A4%B0%E0%A4%95%E0%A4%BE%E0%A4%B0%E0%A4%BF%E0%A4%A4%E0%A4%BE_%E0%A4%A6%E0%A4%BF%E0%A4%B5%E0%A4%B8,%23%E0%A4%B9%E0%A4%BF%E0%A4%82%E0%A4%A6%E0%A5%80_%E0%A4%AA%E0%A4%A4%E0%A5%8D%E0%A4%B0%E0%A4%95%E0%A4%BE%E0%A4%B0%E0%A4%BF%E0%A4%A4%E0%A4%BE_%E0%A4%A6%E0%A4%BF%E0%A4%B5%E0%A4%B8,,34:05.6,India,Negative
#SHC_भवन_खोड़ा_2013,http://twitter.com/search?q=%23SHC_%E0%A4%AD%E0%A4%B5%E0%A4%A8_%E0%A4%96%E0%A5%8B%E0%A4%A1%E0%A4%BC%E0%A4%BE_2013,%23SHC_%E0%A4%AD%E0%A4%B5%E0%A4%A8_%E0%A4%96%E0%A5%8B%E0%A4%A1%E0%A4%BC%E0%A4%BE_2013,10780,34:05.6,India,Negative
#BHILPRADESH_STATE,http://twitter.com/search?q=%23BHILPRADESH_STATE,%23BHILPRADESH_STATE,,34:05.6,India,Negative
#ArrestBillGates,http://twitter.com/search?q=%23ArrestBillGates,%23ArrestBillGates,23936,34:05.6,India,Negative
#CHEMCI,http://twitter.com/search?q=%23CHEMCI,%23CHEMCI,31691,34:05.6,India,Negative
#2YearsForYSJaganAneNenu,http://twitter.com/search?q=%232YearsForYSJaganAneNenu,%232YearsForYSJaganAneNenu,207043,34:05.6,India,Negative
#HappyBirthdayAlluSirish,http://twitter.com/search?q=%23HappyBirthdayAlluSirish,%23HappyBirthdayAlluSirish,,34:05.6,India,Negative
#MCICHE,http://twitter.com/search?q=%23MCICHE,%23MCICHE,104075,34:05.6,India,Negative
#KTBFFH,http://twitter.com/search?q=%23KTBFFH,%23KTBFFH,24983,34:05.6,India,Negative
#HappyBirthdayJenniferWinget,http://twitter.com/search?q=%23HappyBirthdayJenniferWinget,%23HappyBirthdayJenniferWinget,24103,34:05.6,India,Negative
#asksumedh,http://twitter.com/search?q=%23asksumedh,%23asksumedh,,34:05.6,India,Negative
#PMCaresFund,http://twitter.com/search?q=%23PMCaresFund,%23PMCaresFund,16820,34:05.6,India,Negative
#UCLFinal,http://twitter.com/search?q=%23UCLFinal,%23UCLFinal,1448121,34:05.6,Italy,Negative
#ChampionsLeagueFinal,http://twitter.com/search?q=%23ChampionsLeagueFinal,%23ChampionsLeagueFinal,186080,34:05.6,Italy,Negative
#ManCityChelsea,http://twitter.com/search?q=%23ManCityChelsea,%23ManCityChelsea,17519,34:05.6,Italy,Negative
#Guardiola,http://twitter.com/search?q=%23Guardiola,%23Guardiola,,34:05.6,Italy,Negative
#ceferinout,http://twitter.com/search?q=%23ceferinout,%23ceferinout,,34:05.6,Italy,Negative
#UCLFinal,http://twitter.com/search?q=%23UCLFinal,%23UCLFinal,1448121,34:05.6,Ukraine,Negative
#cumtributeِ,http://twitter.com/search?q=%23cumtribute%D9%90,%23cumtribute%D9%90,,34:05.6,Ukraine,Negative
#nudesِ,http://twitter.com/search?q=%23nudes%D9%90,%23nudes%D9%90,10133,34:05.6,Ukraine,Negative
#jailbaitِ,http://twitter.com/search?q=%23jailbait%D9%90,%23jailbait%D9%90,,34:05.6,Ukraine,Negative
#nftcollectors,http://twitter.com/search?q=%23nftcollectors,%23nftcollectors,16315,34:05.6,Ukraine,Negative
#cryptoart,http://twitter.com/search?q=%23cryptoart,%23cryptoart,19084,34:05.6,Ukraine,Negative
#DownhomeBlues,http://twitter.com/search?q=%23DownhomeBlues,%23DownhomeBlues,,34:05.6,Ukraine,Negative
#TPHAs21BTS,http://twitter.com/search?q=%23TPHAs21BTS,%23TPHAs21BTS,57126,34:05.6,Mexico,Negative
#RicardoPonceAbusador,http://twitter.com/search?q=%23RicardoPonceAbusador,%23RicardoPonceAbusador,12652,34:05.6,Mexico,Negative
#InvasionAzteca,http://twitter.com/search?q=%23InvasionAzteca,%23InvasionAzteca,,34:05.6,Mexico,Negative
#ElResurrectorioMaldito,http://twitter.com/search?q=%23ElResurrectorioMaldito,%23ElResurrectorioMaldito,,34:05.6,Mexico,Negative
#PasionYOrgullo,http://twitter.com/search?q=%23PasionYOrgullo,%23PasionYOrgullo,,34:05.6,Mexico,Negative
#bucciovertimechallenge,http://twitter.com/search?q=%23bucciovertimechallenge,%23bucciovertimechallenge,,34:05.6,United States,Negative
#HiJustin,http://twitter.com/search?q=%23HiJustin,%23HiJustin,,34:05.6,United States,Negative
#campingworldroadtrip,http://twitter.com/search?q=%23campingworldroadtrip,%23campingworldroadtrip,,34:05.6,United States,Negative
#kpopopinions,http://twitter.com/search?q=%23kpopopinions,%23kpopopinions,11614,34:05.6,United States,Negative
#MostRequestedLive,http://twitter.com/search?q=%23MostRequestedLive,%23MostRequestedLive,98302,34:05.6,United States,Negative
#CovidVic,http://twitter.com/search?q=%23CovidVic,%23CovidVic,,45:42.9,Australia,Negative
#AEWDoN,http://twitter.com/search?q=%23AEWDoN,%23AEWDoN,76491,45:42.9,Australia,Negative
#DoubleOrNothing,http://twitter.com/search?q=%23DoubleOrNothing,%23DoubleOrNothing,54866,45:42.9,Australia,Negative
#boycottharveynorman,http://twitter.com/search?q=%23boycottharveynorman,%23boycottharveynorman,,45:42.9,Australia,Negative
#melbournelockdown2021,http://twitter.com/search?q=%23melbournelockdown2021,%23melbournelockdown2021,,45:42.9,Australia,Negative
#Fantastico,http://twitter.com/search?q=%23Fantastico,%23Fantastico,,45:42.9,Brazil,Negative
#حاسبوا_المتحرش_البرازيلي,http://twitter.com/search?q=%23%D8%AD%D8%A7%D8%B3%D8%A8%D9%88%D8%A7_%D8%A7%D9%84%D9%85%D8%AA%D8%AD%D8%B1%D8%B4_%D8%A7%D9%84%D8%A8%D8%B1%D8%A7%D8%B2%D9%8A%D9%84%D9%8A,%23%D8%AD%D8%A7%D8%B3%D8%A8%D9%88%D8%A7_%D8%A7%D9%84%D9%85%D8%AA%D8%AD%D8%B1%D8%B4_%D8%A7%D9%84%D8%A8%D8%B1%D8%A7%D8%B2%D9%8A%D9%84%D9%8A,13002,45:42.9,Brazil,Negative
#ProgramaSilvioSantos,http://twitter.com/search?q=%23ProgramaSilvioSantos,%23ProgramaSilvioSantos,,45:42.9,Brazil,Negative
#MareOfEasttown,http://twitter.com/search?q=%23MareOfEasttown,%23MareOfEasttown,10597,45:42.9,Brazil,Negative
#setupdosyodistas,http://twitter.com/search?q=%23setupdosyodistas,%23setupdosyodistas,,45:42.9,Brazil,Negative
#AEWDoN,http://twitter.com/search?q=%23AEWDoN,%23AEWDoN,76687,45:42.9,Canada,Negative
#GoAvsGo,http://twitter.com/search?q=%23GoAvsGo,%23GoAvsGo,11441,45:42.9,Canada,Negative
#AEWDoubleOrNothing,http://twitter.com/search?q=%23AEWDoubleOrNothing,%23AEWDoubleOrNothing,13967,45:42.9,Canada,Negative
#VERZUZ,http://twitter.com/search?q=%23VERZUZ,%23VERZUZ,25844,45:42.9,Canada,Negative
#VGKvsCOL,http://twitter.com/search?q=%23VGKvsCOL,%23VGKvsCOL,,45:42.9,Canada,Negative
#AEWDoN,http://twitter.com/search?q=%23AEWDoN,%23AEWDoN,76395,45:42.9,France,Negative
#DoubleOrNothing,http://twitter.com/search?q=%23DoubleOrNothing,%23DoubleOrNothing,54916,45:42.9,France,Negative
#DimancheCanap,http://twitter.com/search?q=%23DimancheCanap,%23DimancheCanap,,45:42.9,France,Negative
#ONEPIECE,http://twitter.com/search?q=%23ONEPIECE,%23ONEPIECE,26814,45:42.9,France,Negative
#VERZUZ,http://twitter.com/search?q=%23VERZUZ,%23VERZUZ,25844,45:42.9,France,Negative
#AEWDoN,http://twitter.com/search?q=%23AEWDoN,%23AEWDoN,76687,45:42.9,Germany,Negative
#Kinderlose,http://twitter.com/search?q=%23Kinderlose,%23Kinderlose,,45:42.9,Germany,Negative
#AnneWill,http://twitter.com/search?q=%23AnneWill,%23AnneWill,,45:42.9,Germany,Negative
#DoubleOrNothing,http://twitter.com/search?q=%23DoubleOrNothing,%23DoubleOrNothing,54916,45:42.9,Germany,Negative
#GermanHomeofNASCAR,http://twitter.com/search?q=%23GermanHomeofNASCAR,%23GermanHomeofNASCAR,,45:42.9,Germany,Negative
#WorldNoTobaccoDay,http://twitter.com/search?q=%23WorldNoTobaccoDay,%23WorldNoTobaccoDay,19095,45:42.9,India,Negative
#मोदी_कठपुतली_अंबानी_की,http://twitter.com/search?q=%23%E0%A4%AE%E0%A5%8B%E0%A4%A6%E0%A5%80_%E0%A4%95%E0%A4%A0%E0%A4%AA%E0%A5%81%E0%A4%A4%E0%A4%B2%E0%A5%80_%E0%A4%85%E0%A4%82%E0%A4%AC%E0%A4%BE%E0%A4%A8%E0%A5%80_%E0%A4%95%E0%A5%80,%23%E0%A4%AE%E0%A5%8B%E0%A4%A6%E0%A5%80_%E0%A4%95%E0%A4%A0%E0%A4%AA%E0%A5%81%E0%A4%A4%E0%A4%B2%E0%A5%80_%E0%A4%85%E0%A4%82%E0%A4%AC%E0%A4%BE%E0%A4%A8%E0%A5%80_%E0%A4%95%E0%A5%80,34531,45:42.9,India,Negative
#CommitToQuit,http://twitter.com/search?q=%23CommitToQuit,%23CommitToQuit,19336,45:42.9,India,Negative
#MondayMotivation,http://twitter.com/search?q=%23MondayMotivation,%23MondayMotivation,,45:42.9,India,Negative
#mondaythoughts,http://twitter.com/search?q=%23mondaythoughts,%23mondaythoughts,,45:42.9,India,Negative
#GodMorningMonday,http://twitter.com/search?q=%23GodMorningMonday,%23GodMorningMonday,14026,45:42.9,India,Negative
#देश_PM_मोदी_के_साथ,http://twitter.com/search?q=%23%E0%A4%A6%E0%A5%87%E0%A4%B6_PM_%E0%A4%AE%E0%A5%8B%E0%A4%A6%E0%A5%80_%E0%A4%95%E0%A5%87_%E0%A4%B8%E0%A4%BE%E0%A4%A5,%23%E0%A4%A6%E0%A5%87%E0%A4%B6_PM_%E0%A4%AE%E0%A5%8B%E0%A4%A6%E0%A5%80_%E0%A4%95%E0%A5%87_%E0%A4%B8%E0%A4%BE%E0%A4%A5,,45:42.9,India,Negative
#MondayMorning,http://twitter.com/search?q=%23MondayMorning,%23MondayMorning,,45:42.9,India,Negative
#HBDLegendarySSKgaru,http://twitter.com/search?q=%23HBDLegendarySSKgaru,%23HBDLegendarySSKgaru,113661,45:42.9,India,Negative
#नाली_का_कीड़ा,http://twitter.com/search?q=%23%E0%A4%A8%E0%A4%BE%E0%A4%B2%E0%A5%80_%E0%A4%95%E0%A4%BE_%E0%A4%95%E0%A5%80%E0%A4%A1%E0%A4%BC%E0%A4%BE,%23%E0%A4%A8%E0%A4%BE%E0%A4%B2%E0%A5%80_%E0%A4%95%E0%A4%BE_%E0%A4%95%E0%A5%80%E0%A4%A1%E0%A4%BC%E0%A4%BE,13320,45:42.9,India,Negative
#वेटिंग_पुलिस_भर्ती_2018,http://twitter.com/search?q=%23%E0%A4%B5%E0%A5%87%E0%A4%9F%E0%A4%BF%E0%A4%82%E0%A4%97_%E0%A4%AA%E0%A5%81%E0%A4%B2%E0%A4%BF%E0%A4%B8_%E0%A4%AD%E0%A4%B0%E0%A5%8D%E0%A4%A4%E0%A5%80_2018,%23%E0%A4%B5%E0%A5%87%E0%A4%9F%E0%A4%BF%E0%A4%82%E0%A4%97_%E0%A4%AA%E0%A5%81%E0%A4%B2%E0%A4%BF%E0%A4%B8_%E0%A4%AD%E0%A4%B0%E0%A5%8D%E0%A4%A4%E0%A5%80_2018,35274,45:42.9,India,Negative
#GaliWaliMadam,http://twitter.com/search?q=%23GaliWaliMadam,%23GaliWaliMadam,54121,45:42.9,India,Negative
#यूपी_के_शिक्षामित्रों_का_दर्द,http://twitter.com/search?q=%23%E0%A4%AF%E0%A5%82%E0%A4%AA%E0%A5%80_%E0%A4%95%E0%A5%87_%E0%A4%B6%E0%A4%BF%E0%A4%95%E0%A5%8D%E0%A4%B7%E0%A4%BE%E0%A4%AE%E0%A4%BF%E0%A4%A4%E0%A5%8D%E0%A4%B0%E0%A5%8B%E0%A4%82_%E0%A4%95%E0%A4%BE_%E0%A4%A6%E0%A4%B0%E0%A5%8D%E0%A4%A6,%23%E0%A4%AF%E0%A5%82%E0%A4%AA%E0%A5%80_%E0%A4%95%E0%A5%87_%E0%A4%B6%E0%A4%BF%E0%A4%95%E0%A5%8D%E0%A4%B7%E0%A4%BE%E0%A4%AE%E0%A4%BF%E0%A4%A4%E0%A5%8D%E0%A4%B0%E0%A5%8B%E0%A4%82_%E0%A4%95%E0%A4%BE_%E0%A4%A6%E0%A4%B0%E0%A5%8D%E0%A4%A6,,45:42.9,India,Negative
#CongenitalLiarVanathi,http://twitter.com/search?q=%23CongenitalLiarVanathi,%23CongenitalLiarVanathi,13341,45:42.9,India,Negative
#हर_हर_महादेव,http://twitter.com/search?q=%23%E0%A4%B9%E0%A4%B0_%E0%A4%B9%E0%A4%B0_%E0%A4%AE%E0%A4%B9%E0%A4%BE%E0%A4%A6%E0%A5%87%E0%A4%B5,%23%E0%A4%B9%E0%A4%B0_%E0%A4%B9%E0%A4%B0_%E0%A4%AE%E0%A4%B9%E0%A4%BE%E0%A4%A6%E0%A5%87%E0%A4%B5,10802,45:42.9,India,Negative
#ctcf,http://twitter.com/search?q=%23ctcf,%23ctcf,,45:42.9,Italy,Negative
#avantiunaltropuredisera,http://twitter.com/search?q=%23avantiunaltropuredisera,%23avantiunaltropuredisera,,45:42.9,Italy,Negative
#AEWDoN,http://twitter.com/search?q=%23AEWDoN,%23AEWDoN,76395,45:42.9,Italy,Negative
#nonMiBasta,http://twitter.com/search?q=%23nonMiBasta,%23nonMiBasta,,45:42.9,Italy,Negative
#Speranza,http://twitter.com/search?q=%23Speranza,%23Speranza,,45:42.9,Italy,Negative
#jailbaitِ,http://twitter.com/search?q=%23jailbait%D9%90,%23jailbait%D9%90,,45:42.9,Ukraine,Negative
#hornyِ,http://twitter.com/search?q=%23horny%D9%90,%23horny%D9%90,24708,45:42.9,Ukraine,Negative
#nakedِ,http://twitter.com/search?q=%23naked%D9%90,%23naked%D9%90,,45:42.9,Ukraine,Negative
#nsfwِ,http://twitter.com/search?q=%23nsfw%D9%90,%23nsfw%D9%90,56280,45:42.9,Ukraine,Negative
#FinalLigaMX,http://twitter.com/search?q=%23FinalLigaMX,%23FinalLigaMX,,45:42.9,Mexico,Negative
#EstaEsLaBuena,http://twitter.com/search?q=%23EstaEsLaBuena,%23EstaEsLaBuena,,45:42.9,Mexico,Negative
#ConcejoEnDuelo,http://twitter.com/search?q=%23ConcejoEnDuelo,%23ConcejoEnDuelo,,45:42.9,Mexico,Negative
#LuisMiguelLaSerie,http://twitter.com/search?q=%23LuisMiguelLaSerie,%23LuisMiguelLaSerie,,45:42.9,Mexico,Negative
#PapaLuchon,http://twitter.com/search?q=%23PapaLuchon,%23PapaLuchon,,45:42.9,Mexico,Negative
#MareOfEasttown,http://twitter.com/search?q=%23MareOfEasttown,%23MareOfEasttown,10514,45:42.9,United States,Negative
#AEWDoN,http://twitter.com/search?q=%23AEWDoN,%23AEWDoN,76687,45:42.9,United States,Negative
#VERZUZ,http://twitter.com/search?q=%23VERZUZ,%23VERZUZ,25844,45:42.9,United States,Negative
#DoubleOrNothing,http://twitter.com/search?q=%23DoubleOrNothing,%23DoubleOrNothing,54916,45:42.9,United States,Negative
#GoAvsGo,http://twitter.com/search?q=%23GoAvsGo,%23GoAvsGo,11441,45:42.9,United States,Negative
